,Interval,Hourly,Daily,Monthly,Yearly
0,"(-inf, 0.45)",797052.2785960061,588405.9418342782,393191.66981242876,0.0
1,"(0.45, 1.5)",13360.078605514895,38346.703176240495,0.0,0.0
2,"(1.5, 2.5)",12733.824920881389,52776.89779081832,120775.48571702305,1277499.999999992
3,"(2.5, 4)",21710.127733961705,36915.22120415027,323769.8015585048,0.0
4,"(4, inf)",432643.690143628,561055.2359945049,439763.0429120354,0.0
