,Batch,Total_production,Total_CO2,Total_sell,Total_purchase,Total_grid_cost,Marginal_cost,EI_MEF,EI_GCO,EI_L,RECs
0,1,1277499.9999999988,2989106.247307973,18415053.684935514,-21440970.426468696,-2495669.490718801,-1.2361123028770031,2.3398091955444036,-0.6372120672413116,1.729095280876106,1004.9856986429319
