,Batch,Total_production,Total_CO2,Total_sell,Total_purchase,Total_grid_cost,Marginal_cost,EI_MEF,EI_GCO,EI_L,RECs
0,1,1277499.9999999988,2989083.125431551,18415053.684935514,-21440970.426468704,-2495669.4907188006,-1.236112302877003,2.3397910962282222,-0.6372120672413069,1.7290952808761102,1004.9856986429244
