,Location,Year,LCOH,Capex,Step,RE_supply_proportion,FLH,EI_GCO,EI_MEF,EI_MeanEI,EI_L,Sell_amount,Purchase_amount,Curtailment,LGCs,wind_capacity,pv_capacity,electrolyser_capacity,hydrogen_storage_capacity,Grid_max_power_export,grid_cost,production_amount,H2_initial_storage_level,Simultaneity_obligation_interval,ratio,Simultaneity_obligation,Batch_interval
0,QLD1,2021,2.395861984,48009555.37,60,0.706655322,6137.343486,-0.637212067,2.339809196,1.159722441,1.729095281,18415053.68,-21440970.43,-9892450.912,-1004.985699,23916.32712,0,11715.98105,40223.53464,21143,-2495669.491,1277500,0,0,0,0,24
1,QLD1,2021,2.397343628,50518495.21,60,0.726689886,6084.499748,-3.33647557,1.15E-13,-1.376603684,-0.860910496,21482998.11,-19976404.74,-10874597.3,-5262.157458,25565.59226,0,11817.73407,40262.5265,22600,-2836786.645,1277500,0,0,0,0,24
2,QLD1,2021,2.395861984,48009555.37,60,0.706521617,6137.343486,-0.637212067,2.339791096,1.159721054,1.729095281,18415053.68,-21440970.43,-9925750.244,-1004.985699,23916.32712,0,11715.98105,40223.53464,21143,-2495669.491,1277500,0,0,0,0,24
