,Location,Year,LCOH,Capex,Step,RE_supply_proportion,FLH,EI_GCO,EI_MEF,EI_MeanEI,EI_L,Sell_amount,Purchase_amount,Curtailment,LGCs,wind_capacity,pv_capacity,electrolyser_capacity,hydrogen_storage_capacity,Grid_max_power_export,grid_cost,production_amount,H2_initial_storage_level,Simultaneity_obligation_interval,ratio,Simultaneity_obligation,Batch_interval
0,QLD1,2021,2.395861984,48009555.37,60,0.706655322,6137.343486,-0.637212067,2.339809196,1.159722441,1.729095281,18415053.68,-21440970.43,-9892450.912,-1004.985699,23916.32712,0,11715.98105,40223.53464,21143,-2495669.491,1277500,0,0,0,0,24
1,TAS1,2021,2.782227812,34665881.26,60,0.788642745,6681.366762,6.22E-13,0.928054774,0.422225743,0.272593636,12534111.53,-15436097.94,-901957.98,9.82E-10,15600.61553,0,10762.01959,27401.51466,13791,79319.24501,1277500,9521.699647,0,0,0,24
2,SA1,2021,2.210000639,38954108.96,60,0.700586719,6147.312546,-4.61E-13,1.794464571,-2.433461957,0.804936023,17765623.08,-21878846.16,-4135509.023,-7.26E-10,17808.19967,0,11696.98132,31851.60698,15743,-1623174.431,1277500,3403.889153,0,0,0,24
3,NSW1,2021,3.168293353,43341481.06,60,0.677632769,6418.101666,1.80E-12,3.719939047,2.321322109,2.355894115,19116392.7,-23542355.54,-1092036.034,2.84E-09,21047.26824,0,11203.46852,43239.23325,18606,-372978.0557,1277500,0,0,0,0,24
4,VIC1,2021,3.334935589,42226805.54,60,0.722734911,5715.833248,7.49E-13,4.670604258,3.89136848,2.35470754,16446328.93,-20254099.67,0,1.18E-09,19320.61754,0,12579.96811,39211.83737,17080,45419.62918,1277500,16353.16102,0,0,0,24
