,Location,Year,LCOH,Capex,Step,RE_supply_proportion,FLH,EI_GCO,EI_MEF,EI_MeanEI,EI_L,Sell_amount,Purchase_amount,Curtailment,LGCs,wind_capacity,pv_capacity,electrolyser_capacity,hydrogen_storage_capacity,Grid_max_power_export,grid_cost,production_amount,H2_initial_storage_level,Simultaneity_obligation_interval,ratio,Simultaneity_obligation,Batch_interval
0,QLD1,2021,2.397343628,50518495.21,60,0.726689886,6084.499748,-3.33647557,1.15E-13,-1.376603684,-0.860910496,21482998.11,-19976404.74,-10874597.3,-5262.157458,25565.59226,0,11817.73407,40262.5265,22600,-2836786.645,1277500,0,0,0,0,24
1,TAS1,2021,2.608289216,29130998.43,60,0.709144283,6831.488028,8.85368844,-5.34E-14,1.668294357,1.686695246,3280898.235,-21237174.71,-937.7095103,13963.68763,12092.70256,0,10525.52529,17292.22665,10758,504023.8194,1277500,4789.251089,0,0,0,24
2,SA1,2021,2.228581364,40134909.93,60,0.716525893,6081.779654,-1.504826576,-5.82E-14,-3.130488721,0.297705051,19194822.07,-20716094.88,-4613530.43,-2373.353025,18557.82937,0,11823.01959,29337.84203,16406,-1753292.756,1277500,2834.735462,0,0,0,24
3,NSW1,2021,3.230889573,45673353.86,60,0.717847054,6161.443033,-2.508554806,1.42E-14,-0.235667736,-0.043910366,20688345.32,-20605851.94,-1260632.469,-3956.393537,22460.03584,0,11670.15578,30687.74058,19855,-590891.0079,1277500,0,0,0,0,24
4,VIC1,2021,3.417893952,42569332.54,60,0.757772759,5554.518108,1.314146198,-3.79E-14,4.251901132,3.339083605,12297079.3,-17696673.36,-1963029.217,2072.619467,19426.58457,0,12945.31742,27802.8485,17174,140100.4817,1277500,9476.103169,0,0,0,24
