,Location,Year,LCOH,Capex,Step,RE_supply_proportion,FLH,EI_GCO,EI_MEF,EI_MeanEI,EI_L,Sell_amount,Purchase_amount,Curtailment,LGCs,wind_capacity,pv_capacity,electrolyser_capacity,hydrogen_storage_capacity,Grid_max_power_export,grid_cost,production_amount,H2_initial_storage_level,Simultaneity_obligation_interval,ratio,Simultaneity_obligation,Batch_interval
0,QLD1,2021,2.3958619840095063,48009555.36941338,60,0.7066553216599333,6137.343486222655,-0.6372120672413818,2.3398091955444174,1.1597224407378415,1.7290952808760887,18415053.68493566,-21440970.426468715,-9892450.911909778,-1004.9856986430623,23916.327123156887,0.0,11715.981052946523,40223.53463908133,21143.0,-2495669.4907188006,1277500.000000024,0.0,0,0,0,24
1,QLD1,2021,2.397343628129488,50518495.214049004,60,0.7266898857336159,6084.499747909107,-3.3364755704811664,1.1506282667257662e-13,-1.3766036836634452,-0.8609104958084643,21482998.105523832,-19976404.737859175,-10874597.302835546,-5262.157458382182,25565.592259780355,0.0,11817.734074969101,40262.52650490106,22600.0,-2836786.645377925,1277499.9999999634,0.0,0,0,0,24
2,QLD1,2021,2.395861984009514,48009555.369413376,60,0.7065216173458895,6137.343486222656,-0.6372120672413792,2.339791096228222,1.159721054298865,1.7290952808760947,18415053.684935655,-21440970.42646872,-9925750.244339757,-1004.9856986430548,23916.327123156883,0.0,11715.981052946521,40223.53463908136,21143.0,-2495669.4907188,1277500.0000000196,0.0,0,0,0,24
