,Location,Year,LCOH,Capex,Step,RE_supply_proportion,FLH,EI_GCO,EI_MEF,EI_MeanEI,EI_L,Sell_amount,Purchase_amount,Curtailment,LGCs,wind_capacity,pv_capacity,electrolyser_capacity,hydrogen_storage_capacity,Grid_max_power_export,grid_cost,production_amount,H2_initial_storage_level,Simultaneity_obligation_interval,ratio,Simultaneity_obligation,Batch_interval
0,QLD1,2021,2.395861984,48009555.37,60,0.706521617,6137.343486,-0.637212067,2.339791096,1.159721054,1.729095281,18415053.68,-21440970.43,-9925750.244,-1004.985699,23916.32712,0,11715.98105,40223.53464,21143,-2495669.491,1277500,0,0,0,0,24
1,TAS1,2021,2.403700513,10986236.45,60,0,7460,37.58832226,14.58619731,5.896428375,6.857931447,0,-73008395.2,0,59282.8169,0,0,9638.739946,39733.91421,9852,2614963.125,1277500,267.4262735,0,0,0,24
2,SA1,2021,2.157537586,31637886.73,60,0.635415495,6337.158024,9.159422764,7.804812814,1.652000925,3.806582528,7174730.251,-26626366.97,-4992.484916,14445.87973,13055.12535,0,11346.56888,30344.86679,11597,-718665.8104,1277500,3128.047705,0,0,0,24
3,NSW1,2021,2.951302964,28629976.92,60,0.493525773,7115.291443,17.49054653,18.15704999,19.0672887,18.38391109,2441420.293,-36978841.5,-563.1547865,27585.39901,11619.12111,0,10105.6999,53305.43162,10329,1251895.19,1277500,0,0,0,0,24
4,VIC1,2021,2.537973435,13864534.22,60,0,6059,37.60396037,32.84274252,43.68382095,45.16683192,0,-73038769.34,0,59307.4807,0,0,11867.46988,68060.24096,12129,2410861.987,1277500,1644.578313,0,0,0,24
