,Location,Year,LCOH,Capex,Step,RE_supply_proportion,FLH,EI_GCO,EI_MEF,EI_MeanEI,EI_L,Sell_amount,Purchase_amount,Curtailment,LGCs,wind_capacity,pv_capacity,electrolyser_capacity,hydrogen_storage_capacity,Grid_max_power_export,grid_cost,production_amount,H2_initial_storage_level,Simultaneity_obligation_interval,ratio,Simultaneity_obligation,Batch_interval
0,QLD1,2021,2.874634744606565,55480245.53280765,60,0.8486640087957884,5070.539540136812,-2.7089874075991998,-0.17183634591471658,-1.3770019619031169,-1.2536282032420458,13250543.833690839,-11056694.478017226,-1947823.0998536851,-4272.50791754085,16327.54969,11792.96493,14180.93665,56950.47204542595,15141.253323060795,-2604744.4451383697,1277500.000000041,0.0,0,1,0,24
