,Hourly,Daily,Monthly,Yearly
0,965617.9512459049,724677.0207387714,507087.5354037712,0.0
1,20434.13487545592,72756.93304280996,326095.24514204205,1277500.0000000093
2,18768.133972253177,75254.42487157916,0.0,0.0
3,26472.632852021343,79531.07155550996,222991.47319378803,0.0
4,246207.14705437422,325280.5497913392,221325.74626040825,0.0
