,Interval,Hourly,Daily,Monthly,Yearly
0,"(-inf, 0.45)",1277499.9999999993,1277499.9999999993,1277499.9999999995,1277499.9999999993
1,"(0.45, 1.5)",0.0,0.0,0.0,0.0
2,"(1.5, 2.5)",0.0,0.0,0.0,0.0
3,"(2.5, 4)",0.0,0.0,0.0,0.0
4,"(4, inf)",0.0,0.0,0.0,0.0
