,Location,Year,LCOH,Capex,Step,RE_supply_proportion,FLH,EI_GCO,EI_MEF,EI_MeanEI,EI_L,Sell_amount,Purchase_amount,Curtailment,LGCs,wind_capacity,pv_capacity,electrolyser_capacity,hydrogen_storage_capacity,hydrogen_storage_type,hydrogen_storage_cost,Grid_max_power_export,grid_cost,production_amount,H2_initial_storage_level,Simultaneity_obligation_interval,ratio,Simultaneity_obligation,Batch_interval
0,QLD1,2021,5.573770475793623,95985504.19685589,60,0.9999999999999999,5426.043829557075,-0.0,0.0,0.0,-0.0,0.0,0.0,-8104276.260486291,-0.0,18566.88326384014,18922.28284527848,16356.54209099197,78064.70707407953,Lined Rock,183.45744474329882,0,0.0,1576799.9999999912,4994.397811954414,0,0,1,24
1,TAS1,2021,4.648261073485184,79516866.1876212,60,1.0,5164.815104183036,-0.0,0.0,0.0,-0.0,0.0,0.0,-19896.46509010744,-0.0,19760.771063409167,192.08165351952061,17183.831849824273,75545.17643718816,Lined Rock,188.10655183772113,0,0.0,1576799.999999968,19368.330210906308,0,0,1,24
2,SA1,2021,4.98437345318444,85603661.00080085,60,1.0,5546.023290391577,-0.0,0.0,0.0,-0.0,0.0,0.0,-5146489.287957564,-0.0,18369.534970166307,10473.863205706939,16002.694117689252,67869.02892493788,Lined Rock,204.205206356797,0,0.0,1576800.000000039,27455.537850570032,0,0,1,24
3,NSW1,2021,6.003506756074949,103389093.75476658,60,1.0,4820.458027442399,-0.0,0.0,0.0,-0.0,0.0,0.0,-5889163.267438179,-0.0,21134.478964077873,16961.40546259839,18411.386175434258,106074.96273859046,Lined Rock,147.06435371980092,0,0.0,1576799.9999999902,69177.53248564432,0,0,1,24
4,VIC1,2021,5.784889049100172,99520157.83106615,60,1.0,4829.36830847032,-0.0,0.0,0.0,-0.0,0.0,0.0,-4638787.416202788,-0.0,21095.485428087617,13590.867768250106,18377.416800050916,103020.40816324226,Lined Rock,150.06602170207634,0,0.0,1576800.0,86922.17232418028,0,0,1,24
