,Location,Year,LCOH,Capex,Step,RE_supply_proportion,FLH,EI_GCO,EI_MEF,EI_MeanEI,EI_L,Sell_amount,Purchase_amount,Curtailment,LGCs,wind_capacity,pv_capacity,electrolyser_capacity,hydrogen_storage_capacity,hydrogen_storage_type,Grid_max_power_export,grid_cost,production_amount,H2_initial_storage_level,Simultaneity_obligation_interval,ratio,Simultaneity_obligation,Batch_interval
0,QLD1,2021,5.617139684,96849071.89,60,1,5348.070697,0,0,0,0,0,0,-7131755.591,0,19049.46186,17532.91161,16595.01516,100000,Lined Rock,0,0,1576800,5330.172042,0,0,1,24
1,TAS1,2021,4.701265023,80587389.15,60,1,5156.009377,0,0,0,0,0,0,-26211.09221,0,19819.13124,0,17213.17938,100000,Lined Rock,0,0,1576800,19575.28078,0,0,1,24
2,SA1,2021,5.056977639,87069986.75,60,1,5551.790467,0,0,0,0,0,0,-5222824.44,0,18350.45277,10535.38321,15986.07059,100000,Lined Rock,0,0,1576800,27494.82946,0,0,1,24
3,NSW1,2021,5.984198723,103012490.9,60,1,4839.902853,0,0,0,0,0,0,-6080380.972,0,21056.10476,17226.40648,18337.41647,106029.2547,Lined Rock,0,0,1576800,69065.70353,0,0,1,24
4,VIC1,2021,5.784792922,99534388.44,60,1,4880.483916,0,0,0,0,0,0,-5047304.11,0,20874.54247,14414.42174,18184.94146,100000,Lined Rock,0,0,1576800,85953.07956,0,0,1,24
