,Location,Year,LCOH,Capex,Step,RE_supply_proportion,FLH,EI_market,EI_MEF,EI_AEF,EI_L,Sell_amount,Purchase_amount,Curtailment,LGCs,wind_capacity,pv_capacity,electrolyser_capacity,hydrogen_storage_capacity,hydrogen_storage_type,hydrogen_storage_cost,Grid_max_power_export,grid_cost,production_amount,H2_initial_storage_level,Simultaneity_obligation_interval,ratio,Simultaneity_obligation,Batch_interval
0,QLD1,2021,5.518853296471267,95981008.42201574,60,1.0,5409.543006874435,-0.0,0.0,0.0,-0.0,0.0,0.0,-7913478.904427657,-0.0,18607.303333547137,18746.563960356514,16406.434734492406,78617.88112443201,Lined Rock,182.48868509812013,0,0.0,1576800.0000000186,5032.68138864993,0,0,1,24
1,TAS1,2021,4.593089161882589,79515051.99559112,60,1.0,5158.008134743023,-0.0,0.0,0.0,-0.0,0.0,0.0,-19209.247301081232,-0.0,19804.41605100789,45.7731575430898,17206.509173166007,76223.15846700725,Lined Rock,186.77502282299872,0,0.0,1576799.9999999888,19524.939904418003,0,0,1,24
2,SA1,2021,4.929397229012125,85604140.2453099,60,1.0,5546.023290391591,-0.0,0.0,0.0,-0.0,0.0,0.0,-5175312.07513121,-0.0,18369.534970166253,10473.863205706906,16002.694117689205,67869.02892493887,Lined Rock,204.14153130803479,0,0.0,1576800.0000000524,27455.5378505694,0,0,1,24
3,NSW1,2021,6.016985848169069,104566297.13606404,60,1.0,4822.917514031856,-0.0,0.0,0.0,-0.0,0.0,0.0,-7862566.039909417,-0.0,21140.98283237254,18316.565762409755,18401.99713710599,100000.0,Lined Rock,153.2272474306001,0,0.0,1576799.9999999972,60660.90730270486,0,0,1,24
4,VIC1,2021,5.730063573849787,99539843.91863333,60,1.0,4880.483915908413,-0.0,0.0,0.0,-0.0,0.0,0.0,-5004961.604957342,-0.0,20874.54247029062,14414.421738408113,18184.94145558383,100000.0,Lined Rock,153.22724743060002,0,0.0,1576799.9999999902,85953.07955894347,0,0,1,24
