,Location,Year,LCOH,Capex,Step,RE_supply_proportion,FLH,EI_GCO,EI_MEF,EI_MeanEI,EI_L,Sell_amount,Purchase_amount,Curtailment,LGCs,wind_capacity,pv_capacity,electrolyser_capacity,hydrogen_storage_capacity,hydrogen_storage_type,hydrogen_storage_cost,Grid_max_power_export,grid_cost,production_amount,H2_initial_storage_level,Simultaneity_obligation_interval,ratio,Simultaneity_obligation,Batch_interval,wind_capex+wind_OM,pv_capex+pv_OM,hydrogen_storage_capex,electrolyser_capex+electrolyser_OM,wind_OM,pv_OM,electrolyser_OM,grid_electricity_cost,LCOH_sum
0,QLD1,2021,5.573770476,95985504.2,60,1,5426.04383,0,0,0,0,0,0,-8104276.26,0,18566.88326,18922.28285,16356.54209,78064.70707,Lined Rock,183.4574447,0,0,1576800,4994.397812,0,0,1,24,2.164922833,1.145582705,0.710507349,1.552757589,0.206063202,0.142805153,0.462959585,0,5.573770476
1,TAS1,2021,4.648261073,79516866.19,60,1,5164.815104,0,0,0,0,0,0,-19896.46509,0,19760.77106,192.0816535,17183.83185,75545.17644,Lined Rock,188.1065518,0,0,1576800,19368.33021,0,0,1,24,2.304131709,0.011628905,0.705000073,1.627500387,0.219313479,0.001449627,0.482582009,0,4.648261073
2,SA1,2021,4.984373453,85603661,60,1,5546.02329,0,0,0,0,0,0,-5146489.288,0,18369.53497,10473.86321,16002.69412,67869.02892,Lined Rock,204.2052064,0,0,1576800,27455.53785,0,0,1,24,2.141911764,0.634103012,0.687570042,1.520788636,0.203872946,0.079045518,0.454566692,0,4.984373453
3,NSW1,2021,6.003506756,103389093.8,60,1,4820.458027,0,0,0,0,0,0,-5889163.267,0,21134.47896,16961.40546,18411.38618,106074.9627,Lined Rock,147.0643537,0,0,1576800,69177.53249,0,0,1,24,2.464307844,1.026868318,0.773924876,1.738405718,0.234559476,0.128006548,0.511698277,0,6.003506756
4,VIC1,2021,5.784889049,99520157.83,60,1,4829.368308,0,0,0,0,0,0,-4638787.416,0,21095.48543,13590.86777,18377.4168,103020.4082,Lined Rock,150.0660217,0,0,1576800,86922.17232,0,0,1,24,2.459761147,0.822811031,0.76698017,1.735336701,0.234126709,0.102569334,0.51089256,0,5.784889049
