,Hourly,Daily,Monthly,Yearly
0,842000.6065312277,684946.4113107871,392306.5768183076,0.0
1,24804.807809020098,20428.119593101612,113474.29104082582,0.0
2,21981.49635108285,36772.80146123743,0.0,0.0
3,30653.0510387349,48791.80714551016,0.0,1277499.999999962
4,358060.0382698966,486560.86048932583,771719.1321408286,0.0
