,Hourly,Daily,Monthly,Yearly
0,688520.927040289,580265.2739563223,266858.7875781957,0.0
1,19947.608013890418,31585.21280141873,331824.6577951176,0.0
2,18083.34558268571,33492.281248592684,0.0,0.0
3,25726.821550625034,26726.23332012627,121747.1504136622,1277499.9999999579
4,525221.2978124674,605430.9986734976,557069.4042129822,0.0
