,Batch,Total_production,Total_CO2,Total_sell,Total_purchase,Total_grid_cost,Marginal_cost,EI_MEF,EI_GCO,EI_L,RECs
0,1,1277499.9999999914,1.5067053027451038e-07,21482998.105523806,-19976404.73785913,-2836786.6453779247,-1.4153198861965322,1.1794170667280736e-13,-3.3364755704810993,-0.8609104958083922,5262.157458382191
