,Location,Location_code,Year,LCOH,Capex,Step,RE_supply_proportion,FLH,EI_market,EI_MEF,EI_AEF,EI_L,Sell_amount,Purchase_amount,Curtailment,LGCs,battery class,battery_energy_capacity,battery_power_capacity,wind_capacity,pv_capacity,electrolyser_capacity,hydrogen_storage_capacity,hydrogen_storage_type,hydrogen_storage_cost,Grid_max_power_export,grid_cost,production_amount,H2_initial_storage_level,Simultaneity_obligation_interval,ratio,Simultaneity_obligation,Batch_interval,wind_capex+wind_OM,pv_capex+pv_OM,hydrogen_storage_capex,electrolyser_capex+electrolyser_OM,wind_OM,pv_OM,electrolyser_OM,grid_electricity_cost,LCOH_sum,Capacity factor
0,QLD1,Cell 1375,2023,5.624653159,97777213.66,60,1,5292.048056,0,0,0,0,0,0,-9974510.867,0,AA,0,0,19305.83145,18785.76342,16770.69319,73821.9086,Lined Rock,191.3579333,0,0,1576800,49481.70118,0,1,0,1,2.2510851561342995,1.137317619288839,0.700826057291272,1.5354243265774068,0.21426436477359212,0.14177485077245053,0.4177828039738712,0.0,5.624653159291817,0.30046499072407207
1,SA1,Cell 266,2023,5.284213765,92068543.7,60,1,5448.451556,0,0,0,0,0,0,-6237250.636,0,AA,0,0,18749.24087,13534.59823,16289.2729,111806.2161,Lined Rock,141.8290549,0,0,1576800,62930.13643,0,1,0,1,2.1861859677244584,0.8194043911245282,0.7867009205497179,1.491922486163978,0.20808708474441912,0.10214467208079654,0.40636403250887876,0.0,5.284213765562683,0.3412021285599177
2,TAS1,Cell 20,2023,4.514465742,78396332.02,60,1,5352.354113,0,0,0,0,0,0,-1280.341394,0,AA,0,0,19087.3681,0.0,16581.7344,104569.1212,Lined Rock,148.5227286,0,0,1576800,35312.92224,0,1,0,1,2.225612044260406,0.0,0.770503963770141,1.518349734380026,0.21183976518899036,0.0,0.4133009047184171,0.0,4.5144657424105725,0.5397342184325057
3,NSW1,Cell 2127,2023,6.664831158,115232529.5,60,1,4190.940725,0,0,0,0,0,0,-6995757.063,0,AA,0,0,18700.38934,28910.30793,21176.94334,117994.7377,Lined Rock,136.7459506,0,0,1576800,72908.75236,0,1,0,1,2.1804898155373715,1.7502723659795165,0.8004894517875627,1.9335795244959337,0.20754490959538308,0.21818408445395737,0.5222943181862,0.0,6.664831157800385,0.23336023271982884
4,VIC1,Cell 36,2023,4.997348199,86904325.72,60,1,5423.067945,0,0,0,0,0,0,-4573840.498,0,AA,0,0,18837.3907,9102.331309,16365.51767,95936.85191,Lined Rock,157.7894225,0,0,1576800,77412.33225,0,1,0,1,2.196464353006267,0.5510684630100671,0.7510033075766772,1.498812074919987,0.20906540921486555,0.06869466170541604,0.4081724764446981,0.0,4.997348198512999,0.3873383939709394
