,Hourly,Daily,Monthly,Yearly
0,691273.4944774847,601478.2379262224,672254.938020855,0.0
1,8255.083897336834,14697.480578374163,0.0,0.0
2,8512.124268025556,13772.11728445729,85871.44870083849,0.0
3,17226.918161480284,25139.51871922861,0.0,1277500.0000000163
4,552232.3791956888,622412.6454917339,519373.6132783228,0.0
